<?xml version="1.0" encoding="UTF-8" standalone="yes"?>
<addons>
<addon id="repository.bygencer" name="[COLOR red]By[/COLOR] [COLOR ghostwhite]Gencer[/COLOR] [COLOR red]Repository[/COLOR]" version="1.0.4" provider-name="cakir">
    <extension point="xbmc.addon.repository" name="By Gencer Repository">
		<info compressed="false">https://github.com/bygencer/repo/addons.xml</info>
		<checksum>https://github.com/bygencer/repo/addons.xml.md5</checksum>
		<datadir zip="true">https://github.com/bygencer/repo</datadir>
    </extension>
    <extension point="xbmc.addon.metadata">
    <summary>Bu repo Çakır tarafından By Gencer Telegram Grubu için Hazırlanmıştır</summary>
        <description>
        
1. İzinsiz kopyalanmaz ve çoğaltılamaz,
2. Her türlü bilgi ve paylaşım için Telegram grubumuza üye olunuz.
3. Telegram grubu Adresimiz https://t.me/joinchat/IwluMg60IHDN_Me6JU9XPw
4. Youtube Adresimiz https://www.youtube.com/channel/UCqAJIWz6IDrh7jdwFzY-jcQ             
    </description>
<disclaimer> İzinsiz kopyalanmaz ve çoğaltılamaz, </disclaimer>
        <platform>all</platform>
      <assets>
       <icon>icon.png</icon>
       <fanart>fanart.jpg</fanart>
  </assets>
  </extension>
</addon>
</addons>